<?xml version="1.0" encoding="UTF-8"?>
<root>
  <item name="net.tensera.sdk.prefetching.DownloadFailureJournal int getDownloadFailureReason()">
    <annotation name="android.support.annotation.IntDef">
      <val name="value" val="{net.tensera.sdk.prefetching.DownloadFailureJournal.ERROR_WHILE_DOWNLOADING, net.tensera.sdk.prefetching.DownloadFailureJournal.DEVICE_ENTER_DOZE_MODE}" />
    </annotation>
  </item>
  <item name="net.tensera.sdk.prefetching.DownloadFailureJournal int getFailureWeight(int) 0">
    <annotation name="android.support.annotation.IntDef">
      <val name="value" val="{net.tensera.sdk.prefetching.DownloadFailureJournal.ERROR_WHILE_DOWNLOADING, net.tensera.sdk.prefetching.DownloadFailureJournal.DEVICE_ENTER_DOZE_MODE}" />
    </annotation>
  </item>
  <item name="net.tensera.sdk.prefetching.DownloadFailureJournal void updateFailureScore(net.tensera.sdk.prefetching.DownloadFailureData, int) 1">
    <annotation name="android.support.annotation.IntDef">
      <val name="value" val="{net.tensera.sdk.prefetching.DownloadFailureJournal.ERROR_WHILE_DOWNLOADING, net.tensera.sdk.prefetching.DownloadFailureJournal.DEVICE_ENTER_DOZE_MODE}" />
    </annotation>
  </item>
  <item name="net.tensera.sdk.prefetching.DownloadFailureJournal.DownloadFailureReason">
    <annotation name="android.support.annotation.IntDef">
      <val name="value" val="{net.tensera.sdk.prefetching.DownloadFailureJournal.ERROR_WHILE_DOWNLOADING, net.tensera.sdk.prefetching.DownloadFailureJournal.DEVICE_ENTER_DOZE_MODE}" />
    </annotation>
  </item>
  <item name="net.tensera.sdk.prefetching.FetchStats void writeReport(long, long, long, int, java.lang.Long) 3">
    <annotation name="android.support.annotation.IntDef">
      <val name="flag" val="true" />
      <val name="value" val="{net.tensera.sdk.prefetching.PrefetchMonitor.ALL_GOOD, net.tensera.sdk.prefetching.PrefetchMonitor.RECENT_SPEED_CRITERIA_NOT_MET, net.tensera.sdk.prefetching.PrefetchMonitor.AVERAGE_SPEED_CRITERIA_NOT_MET, net.tensera.sdk.prefetching.PrefetchMonitor.INSUFFICIENT_NETWORK_QUALITY, net.tensera.sdk.prefetching.PrefetchMonitor.DOWNLOAD_FAILURE, net.tensera.sdk.prefetching.PrefetchMonitor.BACKGROUND_TIME_LIMIT, net.tensera.sdk.prefetching.PrefetchMonitor.INSUFFICIENT_BATTERY_LEVEL, net.tensera.sdk.prefetching.PrefetchMonitor.EXCEED_DATA_PLAN_USAGE_RESTRICTION, net.tensera.sdk.prefetching.PrefetchMonitor.DEVICE_DOZING, net.tensera.sdk.prefetching.PrefetchMonitor.ANCHOR_FAILED, net.tensera.sdk.prefetching.PrefetchMonitor.DOWNLOAD_MUST_HAVE_WIFI}" />
    </annotation>
  </item>
  <item name="net.tensera.sdk.prefetching.PrefetchMonitor int checkDataPlanDownloadRestriction()">
    <annotation name="android.support.annotation.IntDef">
      <val name="flag" val="true" />
      <val name="value" val="{net.tensera.sdk.prefetching.PrefetchMonitor.ALL_GOOD, net.tensera.sdk.prefetching.PrefetchMonitor.RECENT_SPEED_CRITERIA_NOT_MET, net.tensera.sdk.prefetching.PrefetchMonitor.AVERAGE_SPEED_CRITERIA_NOT_MET, net.tensera.sdk.prefetching.PrefetchMonitor.INSUFFICIENT_NETWORK_QUALITY, net.tensera.sdk.prefetching.PrefetchMonitor.DOWNLOAD_FAILURE, net.tensera.sdk.prefetching.PrefetchMonitor.BACKGROUND_TIME_LIMIT, net.tensera.sdk.prefetching.PrefetchMonitor.INSUFFICIENT_BATTERY_LEVEL, net.tensera.sdk.prefetching.PrefetchMonitor.EXCEED_DATA_PLAN_USAGE_RESTRICTION, net.tensera.sdk.prefetching.PrefetchMonitor.DEVICE_DOZING, net.tensera.sdk.prefetching.PrefetchMonitor.ANCHOR_FAILED, net.tensera.sdk.prefetching.PrefetchMonitor.DOWNLOAD_MUST_HAVE_WIFI}" />
    </annotation>
  </item>
  <item name="net.tensera.sdk.prefetching.PrefetchMonitor int checkIfPrefetchAdvances()">
    <annotation name="android.support.annotation.IntDef">
      <val name="flag" val="true" />
      <val name="value" val="{net.tensera.sdk.prefetching.PrefetchMonitor.ALL_GOOD, net.tensera.sdk.prefetching.PrefetchMonitor.RECENT_SPEED_CRITERIA_NOT_MET, net.tensera.sdk.prefetching.PrefetchMonitor.AVERAGE_SPEED_CRITERIA_NOT_MET, net.tensera.sdk.prefetching.PrefetchMonitor.INSUFFICIENT_NETWORK_QUALITY, net.tensera.sdk.prefetching.PrefetchMonitor.DOWNLOAD_FAILURE, net.tensera.sdk.prefetching.PrefetchMonitor.BACKGROUND_TIME_LIMIT, net.tensera.sdk.prefetching.PrefetchMonitor.INSUFFICIENT_BATTERY_LEVEL, net.tensera.sdk.prefetching.PrefetchMonitor.EXCEED_DATA_PLAN_USAGE_RESTRICTION, net.tensera.sdk.prefetching.PrefetchMonitor.DEVICE_DOZING, net.tensera.sdk.prefetching.PrefetchMonitor.ANCHOR_FAILED, net.tensera.sdk.prefetching.PrefetchMonitor.DOWNLOAD_MUST_HAVE_WIFI}" />
    </annotation>
  </item>
  <item name="net.tensera.sdk.prefetching.PrefetchMonitor int checkSufficientBatteryLevelForPrefetch()">
    <annotation name="android.support.annotation.IntDef">
      <val name="flag" val="true" />
      <val name="value" val="{net.tensera.sdk.prefetching.PrefetchMonitor.ALL_GOOD, net.tensera.sdk.prefetching.PrefetchMonitor.RECENT_SPEED_CRITERIA_NOT_MET, net.tensera.sdk.prefetching.PrefetchMonitor.AVERAGE_SPEED_CRITERIA_NOT_MET, net.tensera.sdk.prefetching.PrefetchMonitor.INSUFFICIENT_NETWORK_QUALITY, net.tensera.sdk.prefetching.PrefetchMonitor.DOWNLOAD_FAILURE, net.tensera.sdk.prefetching.PrefetchMonitor.BACKGROUND_TIME_LIMIT, net.tensera.sdk.prefetching.PrefetchMonitor.INSUFFICIENT_BATTERY_LEVEL, net.tensera.sdk.prefetching.PrefetchMonitor.EXCEED_DATA_PLAN_USAGE_RESTRICTION, net.tensera.sdk.prefetching.PrefetchMonitor.DEVICE_DOZING, net.tensera.sdk.prefetching.PrefetchMonitor.ANCHOR_FAILED, net.tensera.sdk.prefetching.PrefetchMonitor.DOWNLOAD_MUST_HAVE_WIFI}" />
    </annotation>
  </item>
  <item name="net.tensera.sdk.prefetching.PrefetchMonitor int loadDataCountersAndCheckDataUsageRestrictions(boolean)">
    <annotation name="android.support.annotation.IntDef">
      <val name="flag" val="true" />
      <val name="value" val="{net.tensera.sdk.prefetching.PrefetchMonitor.ALL_GOOD, net.tensera.sdk.prefetching.PrefetchMonitor.RECENT_SPEED_CRITERIA_NOT_MET, net.tensera.sdk.prefetching.PrefetchMonitor.AVERAGE_SPEED_CRITERIA_NOT_MET, net.tensera.sdk.prefetching.PrefetchMonitor.INSUFFICIENT_NETWORK_QUALITY, net.tensera.sdk.prefetching.PrefetchMonitor.DOWNLOAD_FAILURE, net.tensera.sdk.prefetching.PrefetchMonitor.BACKGROUND_TIME_LIMIT, net.tensera.sdk.prefetching.PrefetchMonitor.INSUFFICIENT_BATTERY_LEVEL, net.tensera.sdk.prefetching.PrefetchMonitor.EXCEED_DATA_PLAN_USAGE_RESTRICTION, net.tensera.sdk.prefetching.PrefetchMonitor.DEVICE_DOZING, net.tensera.sdk.prefetching.PrefetchMonitor.ANCHOR_FAILED, net.tensera.sdk.prefetching.PrefetchMonitor.DOWNLOAD_MUST_HAVE_WIFI}" />
    </annotation>
  </item>
  <item name="net.tensera.sdk.prefetching.PrefetchMonitor.ExitCode">
    <annotation name="android.support.annotation.IntDef">
      <val name="flag" val="true" />
      <val name="value" val="{net.tensera.sdk.prefetching.PrefetchMonitor.ALL_GOOD, net.tensera.sdk.prefetching.PrefetchMonitor.RECENT_SPEED_CRITERIA_NOT_MET, net.tensera.sdk.prefetching.PrefetchMonitor.AVERAGE_SPEED_CRITERIA_NOT_MET, net.tensera.sdk.prefetching.PrefetchMonitor.INSUFFICIENT_NETWORK_QUALITY, net.tensera.sdk.prefetching.PrefetchMonitor.DOWNLOAD_FAILURE, net.tensera.sdk.prefetching.PrefetchMonitor.BACKGROUND_TIME_LIMIT, net.tensera.sdk.prefetching.PrefetchMonitor.INSUFFICIENT_BATTERY_LEVEL, net.tensera.sdk.prefetching.PrefetchMonitor.EXCEED_DATA_PLAN_USAGE_RESTRICTION, net.tensera.sdk.prefetching.PrefetchMonitor.DEVICE_DOZING, net.tensera.sdk.prefetching.PrefetchMonitor.ANCHOR_FAILED, net.tensera.sdk.prefetching.PrefetchMonitor.DOWNLOAD_MUST_HAVE_WIFI}" />
    </annotation>
  </item>
  <item name="net.tensera.sdk.prefetching.Prefetcher boolean exitCodeAllGood(int) 0">
    <annotation name="android.support.annotation.IntDef">
      <val name="flag" val="true" />
      <val name="value" val="{net.tensera.sdk.prefetching.PrefetchMonitor.ALL_GOOD, net.tensera.sdk.prefetching.PrefetchMonitor.RECENT_SPEED_CRITERIA_NOT_MET, net.tensera.sdk.prefetching.PrefetchMonitor.AVERAGE_SPEED_CRITERIA_NOT_MET, net.tensera.sdk.prefetching.PrefetchMonitor.INSUFFICIENT_NETWORK_QUALITY, net.tensera.sdk.prefetching.PrefetchMonitor.DOWNLOAD_FAILURE, net.tensera.sdk.prefetching.PrefetchMonitor.BACKGROUND_TIME_LIMIT, net.tensera.sdk.prefetching.PrefetchMonitor.INSUFFICIENT_BATTERY_LEVEL, net.tensera.sdk.prefetching.PrefetchMonitor.EXCEED_DATA_PLAN_USAGE_RESTRICTION, net.tensera.sdk.prefetching.PrefetchMonitor.DEVICE_DOZING, net.tensera.sdk.prefetching.PrefetchMonitor.ANCHOR_FAILED, net.tensera.sdk.prefetching.PrefetchMonitor.DOWNLOAD_MUST_HAVE_WIFI}" />
    </annotation>
  </item>
  <item name="net.tensera.sdk.prefetching.Prefetcher int monitorPrefetchWhileDownloading(int, java.util.concurrent.CountDownLatch)">
    <annotation name="android.support.annotation.IntDef">
      <val name="flag" val="true" />
      <val name="value" val="{net.tensera.sdk.prefetching.PrefetchMonitor.ALL_GOOD, net.tensera.sdk.prefetching.PrefetchMonitor.RECENT_SPEED_CRITERIA_NOT_MET, net.tensera.sdk.prefetching.PrefetchMonitor.AVERAGE_SPEED_CRITERIA_NOT_MET, net.tensera.sdk.prefetching.PrefetchMonitor.INSUFFICIENT_NETWORK_QUALITY, net.tensera.sdk.prefetching.PrefetchMonitor.DOWNLOAD_FAILURE, net.tensera.sdk.prefetching.PrefetchMonitor.BACKGROUND_TIME_LIMIT, net.tensera.sdk.prefetching.PrefetchMonitor.INSUFFICIENT_BATTERY_LEVEL, net.tensera.sdk.prefetching.PrefetchMonitor.EXCEED_DATA_PLAN_USAGE_RESTRICTION, net.tensera.sdk.prefetching.PrefetchMonitor.DEVICE_DOZING, net.tensera.sdk.prefetching.PrefetchMonitor.ANCHOR_FAILED, net.tensera.sdk.prefetching.PrefetchMonitor.DOWNLOAD_MUST_HAVE_WIFI}" />
    </annotation>
  </item>
  <item name="net.tensera.sdk.prefetching.Prefetcher int monitorPrefetchWhileDownloading(int, java.util.concurrent.CountDownLatch) 0">
    <annotation name="android.support.annotation.IntDef">
      <val name="flag" val="true" />
      <val name="value" val="{net.tensera.sdk.prefetching.PrefetchMonitor.ALL_GOOD, net.tensera.sdk.prefetching.PrefetchMonitor.RECENT_SPEED_CRITERIA_NOT_MET, net.tensera.sdk.prefetching.PrefetchMonitor.AVERAGE_SPEED_CRITERIA_NOT_MET, net.tensera.sdk.prefetching.PrefetchMonitor.INSUFFICIENT_NETWORK_QUALITY, net.tensera.sdk.prefetching.PrefetchMonitor.DOWNLOAD_FAILURE, net.tensera.sdk.prefetching.PrefetchMonitor.BACKGROUND_TIME_LIMIT, net.tensera.sdk.prefetching.PrefetchMonitor.INSUFFICIENT_BATTERY_LEVEL, net.tensera.sdk.prefetching.PrefetchMonitor.EXCEED_DATA_PLAN_USAGE_RESTRICTION, net.tensera.sdk.prefetching.PrefetchMonitor.DEVICE_DOZING, net.tensera.sdk.prefetching.PrefetchMonitor.ANCHOR_FAILED, net.tensera.sdk.prefetching.PrefetchMonitor.DOWNLOAD_MUST_HAVE_WIFI}" />
    </annotation>
  </item>
  <item name="net.tensera.sdk.prefetching.Prefetcher int performPrefetch(long, net.tensera.sdk.prefetching.Prefetcher.IHlsDownload, java.util.concurrent.atomic.AtomicInteger, java.util.concurrent.atomic.AtomicLong, java.lang.Integer, int, long, java.lang.Long, java.util.Collection&lt;net.tensera.sdk.prefetching.CatalogItem&gt;, java.util.concurrent.CountDownLatch, java.util.Set&lt;net.tensera.sdk.prefetching.CatalogItem&gt;, java.util.Map&lt;java.lang.String,net.tensera.sdk.fetch.FetchResponse&gt;)">
    <annotation name="android.support.annotation.IntDef">
      <val name="flag" val="true" />
      <val name="value" val="{net.tensera.sdk.prefetching.PrefetchMonitor.ALL_GOOD, net.tensera.sdk.prefetching.PrefetchMonitor.RECENT_SPEED_CRITERIA_NOT_MET, net.tensera.sdk.prefetching.PrefetchMonitor.AVERAGE_SPEED_CRITERIA_NOT_MET, net.tensera.sdk.prefetching.PrefetchMonitor.INSUFFICIENT_NETWORK_QUALITY, net.tensera.sdk.prefetching.PrefetchMonitor.DOWNLOAD_FAILURE, net.tensera.sdk.prefetching.PrefetchMonitor.BACKGROUND_TIME_LIMIT, net.tensera.sdk.prefetching.PrefetchMonitor.INSUFFICIENT_BATTERY_LEVEL, net.tensera.sdk.prefetching.PrefetchMonitor.EXCEED_DATA_PLAN_USAGE_RESTRICTION, net.tensera.sdk.prefetching.PrefetchMonitor.DEVICE_DOZING, net.tensera.sdk.prefetching.PrefetchMonitor.ANCHOR_FAILED, net.tensera.sdk.prefetching.PrefetchMonitor.DOWNLOAD_MUST_HAVE_WIFI}" />
    </annotation>
  </item>
  <item name="net.tensera.sdk.prefetching.Prefetcher int performPrefetch(long, net.tensera.sdk.prefetching.Prefetcher.IHlsDownload, java.util.concurrent.atomic.AtomicInteger, java.util.concurrent.atomic.AtomicLong, java.lang.Integer, int, long, java.lang.Long, java.util.Collection&lt;net.tensera.sdk.prefetching.CatalogItem&gt;, java.util.concurrent.CountDownLatch, java.util.Set&lt;net.tensera.sdk.prefetching.CatalogItem&gt;, java.util.Map&lt;java.lang.String,net.tensera.sdk.fetch.FetchResponse&gt;) 5">
    <annotation name="android.support.annotation.IntDef">
      <val name="flag" val="true" />
      <val name="value" val="{net.tensera.sdk.prefetching.PrefetchMonitor.ALL_GOOD, net.tensera.sdk.prefetching.PrefetchMonitor.RECENT_SPEED_CRITERIA_NOT_MET, net.tensera.sdk.prefetching.PrefetchMonitor.AVERAGE_SPEED_CRITERIA_NOT_MET, net.tensera.sdk.prefetching.PrefetchMonitor.INSUFFICIENT_NETWORK_QUALITY, net.tensera.sdk.prefetching.PrefetchMonitor.DOWNLOAD_FAILURE, net.tensera.sdk.prefetching.PrefetchMonitor.BACKGROUND_TIME_LIMIT, net.tensera.sdk.prefetching.PrefetchMonitor.INSUFFICIENT_BATTERY_LEVEL, net.tensera.sdk.prefetching.PrefetchMonitor.EXCEED_DATA_PLAN_USAGE_RESTRICTION, net.tensera.sdk.prefetching.PrefetchMonitor.DEVICE_DOZING, net.tensera.sdk.prefetching.PrefetchMonitor.ANCHOR_FAILED, net.tensera.sdk.prefetching.PrefetchMonitor.DOWNLOAD_MUST_HAVE_WIFI}" />
    </annotation>
  </item>
  <item name="net.tensera.sdk.prefetching.Prefetcher int postPrefetchActivities(int, java.util.concurrent.CountDownLatch, long)">
    <annotation name="android.support.annotation.IntDef">
      <val name="flag" val="true" />
      <val name="value" val="{net.tensera.sdk.prefetching.PrefetchMonitor.ALL_GOOD, net.tensera.sdk.prefetching.PrefetchMonitor.RECENT_SPEED_CRITERIA_NOT_MET, net.tensera.sdk.prefetching.PrefetchMonitor.AVERAGE_SPEED_CRITERIA_NOT_MET, net.tensera.sdk.prefetching.PrefetchMonitor.INSUFFICIENT_NETWORK_QUALITY, net.tensera.sdk.prefetching.PrefetchMonitor.DOWNLOAD_FAILURE, net.tensera.sdk.prefetching.PrefetchMonitor.BACKGROUND_TIME_LIMIT, net.tensera.sdk.prefetching.PrefetchMonitor.INSUFFICIENT_BATTERY_LEVEL, net.tensera.sdk.prefetching.PrefetchMonitor.EXCEED_DATA_PLAN_USAGE_RESTRICTION, net.tensera.sdk.prefetching.PrefetchMonitor.DEVICE_DOZING, net.tensera.sdk.prefetching.PrefetchMonitor.ANCHOR_FAILED, net.tensera.sdk.prefetching.PrefetchMonitor.DOWNLOAD_MUST_HAVE_WIFI}" />
    </annotation>
  </item>
  <item name="net.tensera.sdk.prefetching.Prefetcher int postPrefetchActivities(int, java.util.concurrent.CountDownLatch, long) 0">
    <annotation name="android.support.annotation.IntDef">
      <val name="flag" val="true" />
      <val name="value" val="{net.tensera.sdk.prefetching.PrefetchMonitor.ALL_GOOD, net.tensera.sdk.prefetching.PrefetchMonitor.RECENT_SPEED_CRITERIA_NOT_MET, net.tensera.sdk.prefetching.PrefetchMonitor.AVERAGE_SPEED_CRITERIA_NOT_MET, net.tensera.sdk.prefetching.PrefetchMonitor.INSUFFICIENT_NETWORK_QUALITY, net.tensera.sdk.prefetching.PrefetchMonitor.DOWNLOAD_FAILURE, net.tensera.sdk.prefetching.PrefetchMonitor.BACKGROUND_TIME_LIMIT, net.tensera.sdk.prefetching.PrefetchMonitor.INSUFFICIENT_BATTERY_LEVEL, net.tensera.sdk.prefetching.PrefetchMonitor.EXCEED_DATA_PLAN_USAGE_RESTRICTION, net.tensera.sdk.prefetching.PrefetchMonitor.DEVICE_DOZING, net.tensera.sdk.prefetching.PrefetchMonitor.ANCHOR_FAILED, net.tensera.sdk.prefetching.PrefetchMonitor.DOWNLOAD_MUST_HAVE_WIFI}" />
    </annotation>
  </item>
  <item name="net.tensera.sdk.prefetching.Prefetcher int runLatestAnchor(int, long)">
    <annotation name="android.support.annotation.IntDef">
      <val name="flag" val="true" />
      <val name="value" val="{net.tensera.sdk.prefetching.PrefetchMonitor.ALL_GOOD, net.tensera.sdk.prefetching.PrefetchMonitor.RECENT_SPEED_CRITERIA_NOT_MET, net.tensera.sdk.prefetching.PrefetchMonitor.AVERAGE_SPEED_CRITERIA_NOT_MET, net.tensera.sdk.prefetching.PrefetchMonitor.INSUFFICIENT_NETWORK_QUALITY, net.tensera.sdk.prefetching.PrefetchMonitor.DOWNLOAD_FAILURE, net.tensera.sdk.prefetching.PrefetchMonitor.BACKGROUND_TIME_LIMIT, net.tensera.sdk.prefetching.PrefetchMonitor.INSUFFICIENT_BATTERY_LEVEL, net.tensera.sdk.prefetching.PrefetchMonitor.EXCEED_DATA_PLAN_USAGE_RESTRICTION, net.tensera.sdk.prefetching.PrefetchMonitor.DEVICE_DOZING, net.tensera.sdk.prefetching.PrefetchMonitor.ANCHOR_FAILED, net.tensera.sdk.prefetching.PrefetchMonitor.DOWNLOAD_MUST_HAVE_WIFI}" />
    </annotation>
  </item>
  <item name="net.tensera.sdk.prefetching.Prefetcher void finishPrefetch(int, java.lang.String, long, int, int) 0">
    <annotation name="android.support.annotation.IntDef">
      <val name="flag" val="true" />
      <val name="value" val="{net.tensera.sdk.prefetching.PrefetchMonitor.ALL_GOOD, net.tensera.sdk.prefetching.PrefetchMonitor.RECENT_SPEED_CRITERIA_NOT_MET, net.tensera.sdk.prefetching.PrefetchMonitor.AVERAGE_SPEED_CRITERIA_NOT_MET, net.tensera.sdk.prefetching.PrefetchMonitor.INSUFFICIENT_NETWORK_QUALITY, net.tensera.sdk.prefetching.PrefetchMonitor.DOWNLOAD_FAILURE, net.tensera.sdk.prefetching.PrefetchMonitor.BACKGROUND_TIME_LIMIT, net.tensera.sdk.prefetching.PrefetchMonitor.INSUFFICIENT_BATTERY_LEVEL, net.tensera.sdk.prefetching.PrefetchMonitor.EXCEED_DATA_PLAN_USAGE_RESTRICTION, net.tensera.sdk.prefetching.PrefetchMonitor.DEVICE_DOZING, net.tensera.sdk.prefetching.PrefetchMonitor.ANCHOR_FAILED, net.tensera.sdk.prefetching.PrefetchMonitor.DOWNLOAD_MUST_HAVE_WIFI}" />
    </annotation>
  </item>
  <item name="net.tensera.sdk.prefetching.Prefetcher void finishPrefetchAndRescheduleIfFailure(int, java.lang.String, long, int, int) 0">
    <annotation name="android.support.annotation.IntDef">
      <val name="flag" val="true" />
      <val name="value" val="{net.tensera.sdk.prefetching.PrefetchMonitor.ALL_GOOD, net.tensera.sdk.prefetching.PrefetchMonitor.RECENT_SPEED_CRITERIA_NOT_MET, net.tensera.sdk.prefetching.PrefetchMonitor.AVERAGE_SPEED_CRITERIA_NOT_MET, net.tensera.sdk.prefetching.PrefetchMonitor.INSUFFICIENT_NETWORK_QUALITY, net.tensera.sdk.prefetching.PrefetchMonitor.DOWNLOAD_FAILURE, net.tensera.sdk.prefetching.PrefetchMonitor.BACKGROUND_TIME_LIMIT, net.tensera.sdk.prefetching.PrefetchMonitor.INSUFFICIENT_BATTERY_LEVEL, net.tensera.sdk.prefetching.PrefetchMonitor.EXCEED_DATA_PLAN_USAGE_RESTRICTION, net.tensera.sdk.prefetching.PrefetchMonitor.DEVICE_DOZING, net.tensera.sdk.prefetching.PrefetchMonitor.ANCHOR_FAILED, net.tensera.sdk.prefetching.PrefetchMonitor.DOWNLOAD_MUST_HAVE_WIFI}" />
    </annotation>
  </item>
  <item name="net.tensera.sdk.prefetching.Prefetcher void handlePrefetchRetries(int, long) 0">
    <annotation name="android.support.annotation.IntDef">
      <val name="flag" val="true" />
      <val name="value" val="{net.tensera.sdk.prefetching.PrefetchMonitor.ALL_GOOD, net.tensera.sdk.prefetching.PrefetchMonitor.RECENT_SPEED_CRITERIA_NOT_MET, net.tensera.sdk.prefetching.PrefetchMonitor.AVERAGE_SPEED_CRITERIA_NOT_MET, net.tensera.sdk.prefetching.PrefetchMonitor.INSUFFICIENT_NETWORK_QUALITY, net.tensera.sdk.prefetching.PrefetchMonitor.DOWNLOAD_FAILURE, net.tensera.sdk.prefetching.PrefetchMonitor.BACKGROUND_TIME_LIMIT, net.tensera.sdk.prefetching.PrefetchMonitor.INSUFFICIENT_BATTERY_LEVEL, net.tensera.sdk.prefetching.PrefetchMonitor.EXCEED_DATA_PLAN_USAGE_RESTRICTION, net.tensera.sdk.prefetching.PrefetchMonitor.DEVICE_DOZING, net.tensera.sdk.prefetching.PrefetchMonitor.ANCHOR_FAILED, net.tensera.sdk.prefetching.PrefetchMonitor.DOWNLOAD_MUST_HAVE_WIFI}" />
    </annotation>
  </item>
  <item name="net.tensera.sdk.prefetching.Prefetcher void prefetchEndReport(int, java.lang.Long) 0">
    <annotation name="android.support.annotation.IntDef">
      <val name="flag" val="true" />
      <val name="value" val="{net.tensera.sdk.prefetching.PrefetchMonitor.ALL_GOOD, net.tensera.sdk.prefetching.PrefetchMonitor.RECENT_SPEED_CRITERIA_NOT_MET, net.tensera.sdk.prefetching.PrefetchMonitor.AVERAGE_SPEED_CRITERIA_NOT_MET, net.tensera.sdk.prefetching.PrefetchMonitor.INSUFFICIENT_NETWORK_QUALITY, net.tensera.sdk.prefetching.PrefetchMonitor.DOWNLOAD_FAILURE, net.tensera.sdk.prefetching.PrefetchMonitor.BACKGROUND_TIME_LIMIT, net.tensera.sdk.prefetching.PrefetchMonitor.INSUFFICIENT_BATTERY_LEVEL, net.tensera.sdk.prefetching.PrefetchMonitor.EXCEED_DATA_PLAN_USAGE_RESTRICTION, net.tensera.sdk.prefetching.PrefetchMonitor.DEVICE_DOZING, net.tensera.sdk.prefetching.PrefetchMonitor.ANCHOR_FAILED, net.tensera.sdk.prefetching.PrefetchMonitor.DOWNLOAD_MUST_HAVE_WIFI}" />
    </annotation>
  </item>
</root>

